"113.162.145.156	111	0\n"\
"157.39.22.224	5	6\n"\
"79.180.73.190	2	1\n"\
"179.210.145.4	22	0\n"\
"219.102.120.135	486	0\n"\
"67.232.81.208	1	0\n"\
"85.254.10.197	0	7\n"\
"23.240.215.189	6	0\n"\
"1.29.168.152	17	0\n"\
"185.69.186.168	1	3\n"\
"110.152.103.161	0	1\n"\
"185.182.81.131	1	1\n"\
"68.45.152.8	2	0\n"\
"114.221.179.117	0	1\n"\
"185.89.100.249	752	0\n"\
"46.70.113.73	1	0\n"\
"188.68.0.38	1	0\n"\
"119.42.115.97	11	0\n"\
"194.106.108.214	0	3\n"\
"24.210.239.177	1	0\n"\
"166.88.193.116	9	0\n"\
"62.205.202.214	0	2\n"\
"188.166.87.191	0	50\n"\
"103.62.147.2	1	6\n"\
"95.181.177.197	1	0\n"\
"95.181.177.197	1	0\n"\
"149.107.0.27	3	0\n"\
"182.186.69.18	96	0\n"\
"73.21.168.251	2	0\n"\
"113.190.198.73	3	0\n"\
"91.15.15.33	9	0\n"\
"188.72.96.184	30	0\n"\
"50.254.198.161	2	0\n"\
"98.219.109.151	1	1\n"\
"123.133.114.213	2	0\n"\
"89.177.68.136	0	1\n"\
"89.177.68.136	0	1\n"\
"65.208.151.112	1	0\n"\
"183.198.27.25	16	100\n"\
"187.189.75.118	42	0\n"\
"188.212.33.157	6	0\n"\
"94.240.192.2	0	6\n"\
"69.160.110.157	1	0\n"\
"81.198.169.232	5	2\n"\
"185.89.100.47	34	0\n"\
"46.182.19.219	920	960\n"\
"183.88.197.193	11	0\n"\
"49.74.228.23	3	136\n"\
"124.224.214.76	1	0\n"\
"107.185.11.105	1	0\n"\
"41.235.16.95	1	0\n"\
"68.37.186.197	1	0\n"\
"188.72.127.199	117	1\n"\
"173.171.247.113	2	0\n"\
"173.171.247.113	2	0\n"\
"49.35.12.51	0	1\n"\
"67.167.96.234	0	1\n"\
"204.11.243.70	59	0\n"\
"182.58.201.28	0	2\n"\
"168.167.95.164	3	0\n"\
"153.151.156.27	3	0\n"\
"79.110.28.59	112	0\n"\
"37.188.189.227	2	0\n"\
"188.69.198.152	0	2\n"\
"98.196.145.69	2	0\n"\
"68.202.216.62	1	0\n"\
"68.202.216.62	1	0\n"\
"68.202.216.62	1	0\n"\
"5.189.203.79	30	0\n"\
"197.42.2.124	0	2\n"\
"95.10.3.43	72	0\n"\
"180.251.148.71	1	0\n"\
"113.144.6.220	6	0\n"\
"89.236.227.204	0	1\n"\
"67.250.31.212	1	0\n"\
"67.250.31.212	1	0\n"\
"177.66.186.82	2	0\n"\
"107.209.121.224	2	0\n"\
"213.103.211.108	0	2\n"\
"27.49.172.153	0	3\n"\
"78.158.5.183	0	1\n"\
"78.158.5.183	0	1\n"\
"27.109.142.224	0	4\n"\
"103.101.109.70	0	4\n"\
"117.241.3.153	2	4\n"\
"86.146.190.166	1	0\n"\
"68.60.148.11	1	0\n"\
"89.146.70.220	0	1\n"\
"171.5.117.72	25	0\n"\
"66.169.196.128	0	4\n"\
"5.8.47.226	278	0\n"\
"165.255.112.201	24	0\n"\
"207.191.252.36	294	0\n"\
"123.231.108.232	124	0\n"\
"185.146.112.69	1	3\n"\
"187.190.255.160	0	1\n"\
"187.190.255.160	0	1\n"\
"191.209.77.60	152	0\n"\
"58.126.159.88	1	0\n"\
"222.42.146.225	2	0\n"\
"193.78.85.148	0	1\n"\
"66.102.6.107	1	1\n"\
"5.189.202.254	121	0\n"\
"188.72.126.149	48	0\n"\
"185.217.68.210	1	0\n"\
"190.62.36.205	0	1\n"\
"190.62.36.205	0	1\n"\
"114.243.13.43	47	0\n"\
"128.199.42.73	10	5\n"\
"5.188.216.44	122	0\n"\
"74.124.159.77	1	0\n"\
"103.74.19.104	5	1\n"\
"183.182.99.139	26	0\n"\
"188.72.126.153	74	0\n"\
"173.211.75.241	1	0\n"\
"163.172.151.47	358	19\n"\
"180.183.42.174	1	0\n"\
"93.237.52.162	0	1\n"\
"60.127.180.251	2	0\n"\
"84.132.45.217	0	2\n"\
"37.9.45.225	9	0\n"\
"82.67.92.27	3	0\n"\
"123.191.149.173	21	0\n"\
"73.90.162.151	1	0\n"\
"178.200.214.178	0	3\n"\
"70.123.153.26	1	0\n"\
"177.81.192.15	6	0\n"\
"47.29.8.38	0	2\n"\
"123.21.121.123	6	0\n"\
"73.11.30.103	1	0\n"\
"73.11.30.103	1	0\n"\
"112.79.133.183	1	0\n"\
"151.251.24.30	0	3\n"\
"47.217.153.6	2	0\n"\
"47.208.114.106	1	0\n"\
"93.179.90.113	20	0\n"\
"149.107.0.31	27	0\n"\
"188.166.66.232	3	4\n"\
"64.89.99.122	17	0\n"\
"116.18.33.248	1	0\n"\
"211.226.114.169	3	0\n"\
"69.76.232.100	1	0\n"\
"69.76.232.100	1	0\n"\
"69.76.232.100	1	0\n"\
"69.76.232.100	1	0\n"\
"193.70.91.227	5	0\n"\
"191.101.165.168	39	0\n"\
"195.205.28.27	7	0\n"\
"177.81.184.55	5	0\n"\
"24.163.91.199	5	0\n"\
"197.48.69.176	1	0\n"\
"45.127.57.74	57	0\n"\
"14.169.83.98	12	0\n"\
"47.11.217.253	0	2\n"\
"222.173.235.246	1	0\n"\
"172.2.146.147	1	0\n"\
"67.183.246.205	2	0\n"\
"218.185.237.250	5	0\n"\
"74.136.5.194	8	0\n"\
"14.187.212.140	11	0\n"\
"149.3.43.228	0	1\n"\
"141.101.132.191	63	0\n"\
"189.216.159.43	2	0\n"\
"5.8.47.84	83	0\n"\
"50.26.133.146	2	0\n"\
"83.221.180.18	0	4\n"\
"117.213.109.57	0	1\n"\
"109.193.71.64	0	1\n"\
"46.70.147.26	1	0\n"\
"188.166.49.134	3	2\n"\
"117.198.224.130	0	1\n"\
"77.179.162.181	0	2\n"\
"27.251.253.58	2017	0\n"\
"75.69.188.107	7	0\n"\
"198.48.136.200	169	0\n"\
"186.92.150.52	0	1\n"\
"184.170.28.62	1	0\n"\
"47.44.49.2	4	0\n"\
"24.23.88.218	1	0\n"\
"24.23.88.218	1	0\n"\
"220.180.121.6	1	0\n"\
"99.114.89.48	3	0\n"\
"116.25.102.111	13	0\n"\
"93.183.170.145	0	1\n"\
"47.29.254.116	0	1\n"\
"18.248.2.85	360	20\n"\
"141.101.132.73	936	0\n"\
"47.220.163.51	1	0\n"\
"47.220.163.51	1	0\n"\
"123.20.104.253	2	0\n"\
"184.183.34.140	1	0\n"\
"128.199.99.114	1	0\n"\
"93.179.90.77	44	0\n"\
"5.62.159.66	163	0\n"\
"87.118.92.43	218	83\n"\
"185.14.194.116	184	0\n"\
"161.0.198.138	0	2\n"\
"49.118.223.200	0	1\n"\
"188.72.126.130	77	0\n"\
"42.54.29.150	1	108\n"\
"14.182.208.223	2	0\n"\
"14.182.208.223	2	0\n"\
"73.197.19.19	1	0\n"\
"49.206.125.56	0	2\n"\
"67.165.212.104	0	2\n"\
"71.90.169.184	2	0\n"\
"117.207.33.172	0	1\n"\
"195.234.85.219	0	8\n"\
"5.152.151.166	11	0\n"\
"90.191.74.74	2	5\n"\
"184.58.77.155	1	0\n"\
"104.218.63.75	603	65\n"\
"117.3.82.3	3	0\n"\
"188.211.226.16	1495	0\n"\
"107.175.234.130	33	0\n"\
"85.253.112.79	0	4\n"\
"190.213.37.222	1	3\n"\
"70.234.198.76	2	0\n"\
"70.234.198.76	2	0\n"\
"5.188.216.204	136	0\n"\
"69.251.6.155	2	0\n"\
"93.34.197.129	0	2\n"\
"5.8.47.202	77	0\n"\
"14.162.206.233	6	0\n"\
"1.231.69.33	1	0\n"\
"69.23.42.183	3	0\n"\
"63.87.226.66	1	0\n"\
"5.254.65.190	0	3\n"\
"37.33.109.179	0	2\n"\
"1.1.234.8	0	1\n"\
"119.201.4.165	1	0\n"\
"179.218.84.120	13	0\n"\
"5.101.217.139	322	0\n"\
"96.92.198.213	1	0\n"\
"96.92.198.213	1	0\n"\
"117.248.24.152	0	1\n"\
"85.253.148.39	0	2\n"\
"27.70.17.38	5	0\n"\
"211.225.89.44	1	0\n"\
"184.91.78.121	1	0\n"\
"95.181.176.189	209	0\n"\
"178.6.12.226	1	0\n"\
"131.221.56.20	3	0\n"\
"84.108.11.149	0	6\n"\
"164.126.188.157	1	1\n"\
"107.223.148.60	1	0\n"\
"218.7.166.58	19	0\n"\
"177.42.212.125	94	0\n"\
"191.101.54.77	2	0\n"\
"191.101.54.77	2	0\n"\
"94.30.173.135	0	18\n"\
"92.105.136.141	0	1\n"\
"41.159.26.123	884	0\n"\
"24.191.211.63	3	1\n"\
"202.74.243.112	92	0\n"\
"108.73.108.163	1	0\n"\
"67.188.13.100	1	0\n"\
"123.20.181.120	4	0\n"\
"179.211.81.134	30	0\n"\
"64.40.152.168	1	0\n"\
"68.43.142.235	3	0\n"\
"173.211.75.62	2	0\n"\
"50.81.221.73	7	0\n"\
"103.203.133.202	46	0\n"\
"47.74.157.18	1	0\n"\
"84.252.26.213	0	1\n"\
"84.252.26.213	0	1\n"\
"71.234.84.132	1	0\n"\
"186.125.174.10	3	0\n"\
"113.182.239.185	300	0\n"\
"106.67.36.120	0	1\n"\
"189.100.88.211	2	0\n"\
"184.170.35.121	1	0\n"\
"181.215.20.38	2	0\n"\
"185.3.147.64	82	22\n"\
"187.64.27.167	19	0\n"\
"73.55.95.93	1	0\n"\
"45.32.140.209	148	0\n"\
"37.110.213.11	0	1\n"\
"177.32.68.231	2	0\n"\
"203.192.225.115	1	18\n"\
"189.181.251.184	0	1\n"\
"82.199.206.151	112	0\n"\
"73.224.202.251	2	0\n"\
"75.90.211.217	1	0\n"\
"173.211.75.55	2	0\n"\
"115.221.10.154	3	0\n"\
"190.39.83.68	1	0\n"\
"112.124.39.77	17	0\n"\
"5.189.200.175	69	0\n"\
"181.169.25.33	84	0\n"\
"202.166.194.217	8	0\n"\
"108.18.251.109	1	0\n"\
"188.72.127.216	46	0\n"\
"76.94.181.14	1	0\n"\
"141.196.77.153	0	4\n"\
"69.227.160.129	2	0\n"\
"5.101.221.37	82	0\n"\
"59.42.27.180	98	0\n"\
"188.68.0.207	225	0\n"\
"173.24.113.249	1	0\n"\
"173.24.113.249	1	0\n"\
"14.231.56.112	5	0\n"\
"5.62.159.140	54	0\n"\
"141.101.132.179	21	0\n"\
"95.90.191.205	0	2\n"\
"193.93.192.122	34	0\n"\
"75.65.190.40	3	0\n"\
"91.204.190.7	0	3\n"\
"131.129.231.39	0	1\n"\
"186.86.29.56	701	0\n"\
"91.135.176.211	4	0\n"\
"154.160.1.180	3	0\n"\
"83.143.86.155	1	0\n"\
"60.7.107.169	21	0\n"\
"89.249.207.229	40	0\n"\
"95.181.176.155	4	0\n"\
"95.181.176.155	4	0\n"\
"41.199.158.154	2	0\n"\
"36.5.146.30	15	0\n"\
"217.72.94.100	0	1\n"\
"217.72.94.100	0	1\n"\
"217.72.94.100	0	1\n"\
"217.72.94.100	0	1\n"\
"217.72.94.100	0	1\n"\
"14.231.214.53	11	0\n"\
"89.163.155.202	33	15\n"\
"85.187.105.45	0	1\n"\
"77.13.117.195	0	1\n"\
"70.91.13.106	1	0\n"\
"126.241.3.145	1	0\n"\
"114.249.117.72	3	0\n"\
"113.173.67.60	1	0\n"\
"183.87.196.93	0	7\n"\
"49.203.248.26	1	0\n"\
"49.203.248.26	1	0\n"\
"185.89.100.59	11	0\n"\
"95.181.177.241	3	0\n"\
"125.43.69.142	0	5\n"\
"37.186.67.25	5	0\n"\
"185.46.85.204	8	0\n"\
"73.91.213.154	1	0\n"\
"111.61.78.76	15	0\n"\
"75.114.69.42	18	0\n"\
"95.181.177.50	191	0\n"\
"95.90.254.195	1	0\n"\
"109.192.168.38	2	22\n"\
"5.101.217.48	1	0\n"\
"86.34.133.118	6	0\n"\
"46.101.163.119	3	3\n"\
"189.6.128.228	12	0\n"\
"202.9.43.222	1	0\n"\
"202.142.76.12	0	1\n"\
"105.73.25.26	1	0\n"\
"119.184.218.145	23	0\n"\
"179.219.241.71	2	0\n"\
"156.212.169.72	1	0\n"\
"103.66.196.13	3	0\n"\
"68.41.149.247	1	0\n"\
"117.102.78.2	3	0\n"\
"14.186.245.237	8	0\n"\
"93.179.90.24	206	0\n"\
"39.88.253.245	17	138\n"\
"187.3.66.189	2264	0\n"\
"24.17.1.75	1	0\n"\
"24.17.1.75	1	0\n"\
"188.72.127.249	74	0\n"\
"46.161.60.92	156	0\n"\
"72.77.71.111	1	0\n"\
"114.47.230.91	61	0\n"\
"177.87.9.192	13	0\n"\
"49.156.211.218	1	4\n"\
"187.65.248.41	1	0\n"\
"73.244.53.54	1	0\n"\
"117.213.254.4	1	7\n"\
"187.39.197.81	2	0\n"\
"78.84.243.190	0	2\n"\
"188.72.126.152	106	0\n"\
"141.101.132.158	109	0\n"\
"178.253.240.126	2	0\n"\
"46.101.127.145	150	51\n"\
"154.16.89.9	4	0\n"\
"139.167.0.12	1	0\n"\
"168.196.9.47	1	0\n"\
"107.77.72.118	1	0\n"\
"72.181.175.235	1	0\n"\
"72.181.175.235	1	0\n"\
"104.222.165.144	4	0\n"\
"98.214.16.13	2	0\n"\
"171.221.113.228	2	0\n"\
"46.55.46.98	0	2\n"\
"47.39.211.31	4	0\n"\
"45.248.186.76	0	1\n"\
"77.234.45.173	5	0\n"\
"185.163.24.76	0	2\n"\
"113.89.239.241	4	2\n"\
"113.206.92.243	6	794\n"\
"107.167.109.164	6	1\n"\
"185.46.86.131	2	0\n"\
"185.46.86.131	2	0\n"\
"75.171.214.8	1	0\n"\
"95.181.176.240	24	0\n"\
"95.181.176.240	24	0\n"\
"217.159.171.6	0	3\n"\
"195.250.178.88	1	3\n"\
"89.236.251.247	0	3\n"\
"68.46.218.208	7	0\n"\
"71.88.10.118	1	0\n"\
"176.90.14.232	3	0\n"\
"99.251.8.64	0	3\n"\
"101.98.164.130	0	4\n"\
"71.52.72.142	1	0\n"\
"84.15.185.66	0	1\n"\
"45.124.191.237	1	2\n"\
"168.195.231.1	5464	0\n"\
"73.141.213.207	2	0\n"\
"78.171.131.126	2	0\n"\
"73.166.52.138	0	1\n"\
"73.166.52.138	0	1\n"\
"103.203.241.89	2	2\n"\
"188.68.0.102	156	0\n"\
"108.30.39.3	0	1\n"\
"108.30.39.3	0	1\n"\
"191.207.27.171	1	0\n"\
"123.116.254.111	7	0\n"\
"113.77.173.249	3	0\n"\
"81.151.71.218	0	6\n"\
"191.191.197.98	32	0\n"\
"188.166.49.134	15	4\n"\
"108.180.26.133	0	2\n"\
"108.180.26.133	0	2\n"\
"45.62.234.109	3	0\n"\
"177.43.57.48	20	0\n"\
"95.181.176.136	123	0\n"\
"117.196.197.139	1	3\n"\
"23.240.217.243	1	3\n"\
"70.180.91.246	2	0\n"\
"159.203.13.174	5	0\n"\
"186.46.222.194	0	6\n"\
"141.101.132.93	128	0\n"\
"186.179.100.193	1	0\n"\
"181.215.16.39	2	0\n"\
"114.95.157.203	321	0\n"\
"189.7.220.132	10	0\n"\
"189.251.241.73	0	7\n"\
"172.97.129.82	1	0\n"\
"64.237.226.172	3	0\n"\
"50.32.39.122	1	0\n"\
"37.201.203.88	0	1\n"\
"170.80.252.30	37	0\n"\
"89.170.3.145	1	0\n"\
"156.204.84.209	31	0\n"\
"78.84.60.71	0	1\n"\
"78.84.60.71	0	1\n"\
"78.84.60.71	0	1\n"\
"78.10.207.6	0	2\n"\
"99.169.226.169	1	0\n"\
"99.169.226.169	1	0\n"\
"99.169.226.169	1	0\n"\
"99.169.226.169	1	0\n"\
"73.104.80.103	1	0\n"\
"73.104.80.103	1	0\n"\
"79.206.209.45	0	1\n"\
"103.220.209.173	0	1\n"\
"66.249.92.198	6	0\n"\
"47.16.77.236	0	2\n"\
"89.38.96.66	7	0\n"\
"75.206.129.73	1	0\n"\
"129.56.12.56	30	0\n"\
"5.8.47.44	961	0\n"\
"193.24.92.54	0	4\n"\
"156.222.243.190	1	0\n"\
"176.228.138.151	0	1\n"\
"176.228.138.151	0	1\n"\
"176.228.138.151	0	1\n"\
"181.122.209.200	3	0\n"\
"35.193.144.59	803	0\n"\
"101.24.171.210	32	50\n"\
"188.68.0.185	34	0\n"\
"113.195.165.235	5	0\n"\
"41.242.141.134	2061	0\n"\
"146.185.206.53	6	0\n"\
"95.181.177.111	75	0\n"\
"67.174.152.35	1	1\n"\
"78.100.196.199	11	0\n"\
"220.132.196.75	4	0\n"\
"14.167.215.198	7	0\n"\
"66.183.9.162	1	0\n"\
"189.62.20.66	2	0\n"\
"68.172.234.141	2	0\n"\
"1.87.203.225	1	112\n"\
"32.215.162.52	1	0\n"\
"32.215.162.52	1	0\n"\
"32.215.162.52	1	0\n"\
"5.62.159.232	69	0\n"\
"81.213.167.197	1	0\n"\
"180.246.83.253	16	0\n"\
"91.204.14.185	15	0\n"\
"49.213.19.115	4	3\n"\
"74.116.59.8	50	0\n"\
"202.129.0.27	22470	0\n"\
"94.141.76.33	0	1\n"\
"37.110.210.153	0	1\n"\
"125.165.131.226	1	0\n"\
"61.74.152.228	1	0\n"\
"61.74.152.228	1	0\n"\
"217.174.230.98	0	2\n"\
"173.225.247.123	2	0\n"\
"77.68.40.185	0	1\n"\
"182.75.81.122	2	0\n"\
"182.75.81.122	2	0\n"\
"79.184.219.107	11	0\n"\
"97.95.65.151	1	0\n"\
"49.213.19.137	5	6\n"\
"118.114.86.199	1	0\n"\
"175.192.51.84	18	0\n"\
"97.82.75.243	1	0\n"\
"72.79.56.37	27	0\n"\
"117.2.125.26	13	0\n"\
"193.194.132.76	0	2\n"\
"119.15.93.202	3	0\n"\
"119.15.93.202	3	0\n"\
"119.15.93.202	3	0\n"\
"107.174.108.194	12	0\n"\
"103.207.242.56	1	24\n"\
"78.109.65.21	0	7\n"\
"171.77.145.44	0	1\n"\
"45.123.220.122	2	0\n"\
"5.189.202.198	4	0\n"\
"88.91.160.177	1	6\n"\
"149.154.167.161	1	0\n"\
"109.75.90.41	1	4\n"\
"188.97.225.180	0	1\n"\
"76.112.220.160	2	0\n"\
"5.101.221.76	104	0\n"\
"114.125.118.9	2	0\n"\
"188.237.136.152	1	3\n"\
"213.225.6.88	0	2\n"\
"14.187.178.209	1	0\n"\
"46.251.197.23	1	0\n"\
"189.121.253.246	78	0\n"\
"109.127.20.122	0	2\n"\
"118.96.117.80	31	0\n"\
"27.97.226.94	0	1\n"\
"96.94.121.25	2	0\n"\
"5.8.47.202	34	0\n"\
"46.161.56.203	6	0\n"\
"193.136.199.50	1	0\n"\
"121.27.48.172	6	0\n"\
"36.67.5.186	1	0\n"\
"89.28.76.171	50	0\n"\
"46.161.56.174	92	0\n"\
"188.2.221.111	4	1\n"\
"85.253.176.102	0	1\n"\
"79.15.208.108	4	0\n"\
"5.62.154.58	51	0\n"\
"85.114.239.251	0	10\n"\
"46.161.56.106	3	0\n"\
"46.161.56.106	3	0\n"\
"67.5.105.174	1	0\n"\
"181.215.0.59	5	0\n"\
"95.181.176.58	653	0\n"\
"72.193.106.165	1	0\n"\
"217.61.224.38	1	0\n"\
"185.89.100.44	102	0\n"\
"188.72.126.41	40	0\n"\
"46.70.225.39	0	3\n"\
"80.133.65.104	0	1\n"\
"82.196.6.103	4	0\n"\
"185.158.116.188	11	0\n"\
"94.30.155.174	0	1\n"\
"5.101.219.107	12	0\n"\
"197.48.89.171	1	0\n"\
"164.132.3.102	2	0\n"\
"79.100.201.157	11	0\n"\
"47.11.7.112	0	1\n"\
"82.32.174.146	1	0\n"\
"189.217.133.144	0	1\n"\
"146.185.177.103	919	76\n"\
"217.25.18.126	0	1\n"\
"5.62.154.52	39	0\n"\
"187.188.129.136	1	0\n"\
"217.82.152.217	1	0\n"\
"106.51.30.215	0	1\n"\
"68.106.156.3	2	0\n"\
"109.185.152.20	0	7\n"\
"45.247.3.119	2	1\n"\
"108.171.129.171	0	2\n"\
"189.102.186.9	4	0\n"\
"189.175.155.108	3	0\n"\
"103.28.36.56	3	0\n"\
"212.56.210.90	0	1\n"\
"204.232.108.181	1	1\n"\
"85.180.234.65	0	1\n"\
"188.166.49.33	13	0\n"\
"188.166.72.33	2	1\n"\
"156.220.35.15	8	0\n"\
"41.227.84.129	3	0\n"\
"188.68.0.30	120	0\n"\
"176.12.58.180	13	0\n"\
"85.118.110.10	0	11\n"\
"162.247.72.217	56	15\n"\
"67.205.174.171	1	0\n"\
"185.89.217.170	1	1\n"\
"176.241.89.82	3	0\n"\
"123.23.148.249	4	0\n"\
"123.23.148.249	4	0\n"\
"183.147.179.187	2	0\n"\
"111.222.25.83	0	1\n"\
"91.204.14.239	96	0\n"\
"60.174.233.154	4	0\n"\
"157.37.38.188	0	2\n"\
"50.80.193.175	1	0\n"\
"37.221.176.236	1	0\n"\
"118.69.205.201	20	0\n"\
"113.173.98.95	4	0\n"\
"5.146.199.53	0	1\n"\
"213.213.103.190	60	0\n"\
"141.101.132.120	73	0\n"\
"171.221.26.73	30	0\n"\
"188.68.0.171	116	0\n"\
"151.53.178.221	0	2\n"\
"146.185.204.136	111	0\n"\
"117.209.246.210	0	1\n"\
"193.40.12.10	0	2\n"\
"77.215.105.50	2	24\n"\
"122.40.163.51	18906	0\n"\
"182.69.22.32	3	6\n"\
"95.181.176.30	0	1\n"\
"188.72.96.177	38	0\n"\
"108.49.29.94	0	3\n"\
"108.49.29.94	0	3\n"\
"23.254.17.73	3	0\n"\
"46.161.61.51	61	0\n"\
"73.175.73.131	1	0\n"\
"79.208.172.72	0	1\n"\
"36.102.236.203	0	9\n"\
"95.90.254.195	4	0\n"\
"138.122.123.42	6	0\n"\
"126.218.40.164	2	0\n"\
"5.62.153.169	10	0\n"\
"83.128.50.47	3	0\n"\
"83.128.50.47	3	0\n"\
"78.129.149.3	0	1\n"\
"78.129.149.3	0	1\n"\
"146.255.242.234	0	7\n"\
"14.177.248.167	8	0\n"\
"213.219.115.76	1	10\n"\
"185.46.87.231	37	0\n"\
"188.72.96.77	59	0\n"\
"109.91.38.1	0	5\n"\
"201.219.180.58	789	0\n"\
"85.65.43.232	3	7\n"\
"73.87.94.81	1	0\n"\
"73.87.94.81	1	0\n"\
"5.62.154.49	96	0\n"\
"162.236.216.26	1	0\n"\
"190.198.255.34	1	0\n"\
"183.88.77.2	6	0\n"\
"95.181.177.213	42	0\n"\
"73.76.58.22	2	0\n"\
"47.149.142.171	1	0\n"\
"47.149.142.171	1	0\n"\
"119.55.121.74	1	0\n"\
"188.209.233.110	0	1\n"\
"188.209.233.110	0	1\n"\
"181.215.6.120	1	0\n"\
"181.215.6.120	1	0\n"\
"61.98.171.199	1	0\n"\
"187.187.193.21	0	1\n"\
"165.225.81.66	0	3\n"\
"98.64.84.57	1	0\n"\
"46.161.63.66	71	0\n"\
"67.215.250.146	7	0\n"\
"103.251.226.120	2	0\n"\
"199.249.223.75	172	6\n"\
"47.11.7.240	0	1\n"\
"117.200.96.91	0	3\n"\
"191.101.54.244	10	0\n"\
"95.89.126.115	2	0\n"\
"203.249.55.94	2	0\n"\
"49.34.5.58	0	1\n"\
"14.97.7.246	0	2\n"\
"2.29.170.242	4456	0\n"\
"14.17.122.207	44	0\n"\
"185.213.20.252	93	0\n"\
"73.185.49.225	2	0\n"\
"47.11.210.118	0	2\n"\
"14.232.172.139	1	0\n"\
"5.101.222.205	18	0\n"\
"134.48.22.110	6	0\n"\
"93.179.90.237	2	0\n"\
"171.6.156.117	1	0\n"\
"171.6.156.117	1	0\n"\
"185.117.149.113	1	0\n"\
"46.161.58.202	6	0\n"\
"191.101.145.250	1	0\n"\
"191.101.145.250	1	0\n"\
"116.68.105.105	0	2\n"\
"125.163.151.121	48	0\n"\
"81.198.25.242	0	7\n"\
"92.161.182.241	0	5\n"\
"194.208.63.191	48	0\n"\
"90.114.80.144	2	0\n"\
"5.189.200.116	36	0\n"\
"186.182.82.240	60	0\n"\
"122.15.212.146	0	1\n"\
"122.15.212.146	0	1\n"\
"122.15.212.146	0	1\n"\
"137.97.9.40	0	1\n"\
"189.122.18.125	15	0\n"\
"187.188.28.45	1	0\n"\
"190.9.214.105	0	5\n"\
"222.130.177.64	3	0\n"\
"123.136.249.120	0	1\n"\
"178.220.115.243	0	2\n"\
"14.102.246.210	1	0\n"\
"178.119.240.143	3	0\n"\
"98.89.83.30	1	0\n"\
"50.106.25.168	4	0\n"\
"185.89.217.189	1	0\n"\
"5.62.159.38	181	0\n"\
"186.95.24.238	2	0\n"\
"5.189.202.171	8	0\n"\
"71.223.161.63	1	0\n"\
"14.207.158.135	120	0\n"\
"216.239.90.19	301	18\n"\
"176.153.26.5	1	2\n"\
"99.61.192.35	1	0\n"\
"73.48.161.172	1	0\n"\
"73.48.161.172	1	0\n"\
"73.48.161.172	1	0\n"\
"188.166.82.41	1	1\n"\
"117.5.75.127	2	0\n"\
"183.83.78.172	1	0\n"\
"172.243.2.129	4	0\n"\
"84.146.103.72	0	1\n"\
"5.101.217.177	112	0\n"\
"110.167.197.122	1	0\n"\
"5.189.203.43	4	0\n"\
"95.213.218.108	3	0\n"\
"185.46.86.22	98	0\n"\
"191.101.54.127	95	0\n"\
"194.135.166.12	14	0\n"\
"79.237.168.168	0	1\n"\
"45.32.108.44	6	0\n"\
"186.204.34.46	20	0\n"\
"117.5.211.1	49	0\n"\
"69.57.247.218	8	0\n"\
"70.121.9.224	36	0\n"\
"209.107.214.71	12	0\n"\
"189.34.176.93	924	0\n"\
"80.78.237.5	30	0\n"\
"14.186.176.190	1	0\n"\
"84.108.20.44	0	2\n"\
"176.126.83.77	16	0\n"\
"104.174.173.170	1	0\n"\
"219.92.33.137	46	0\n"\
"78.48.70.89	0	1\n"\
"186.37.202.178	1	0\n"\
"71.223.241.223	1	0\n"\
"71.223.241.223	1	0\n"\
"73.140.229.40	1	0\n"\
"188.188.19.204	0	2\n"\
"195.154.232.98	0	5\n"\
"112.28.106.231	1	0\n"\
"62.219.224.250	0	1\n"\
"93.171.216.68	9	0\n"\
"37.26.142.184	4	4\n"\
"87.255.69.86	0	1\n"\
"87.255.69.86	0	1\n"\
"157.48.15.35	0	6\n"\
"50.3.197.73	4	0\n"\
"23.27.228.81	7	0\n"\
"190.56.99.94	409	0\n"\
"76.228.35.48	2	0\n"\
"5.8.47.100	5	0\n"\
"110.77.199.103	0	17\n"\
"54.205.123.87	2	0\n"\
"183.89.22.222	1	0\n"\
"14.139.41.109	0	1\n"\
"186.43.29.31	1	0\n"\
"173.31.96.193	1	0\n"\
"173.31.96.193	1	0\n"\
"77.79.38.5	0	1\n"\
"95.85.80.229	66	0\n"\
"191.101.144.238	2	0\n"\
"50.25.139.252	1	0\n"\
"50.25.139.252	1	0\n"\
"177.82.171.180	3	0\n"\
"113.87.26.63	100	0\n"\
"77.181.225.187	5	4\n"\
"103.89.255.122	1	4\n"\
"107.222.35.45	187	0\n"\
"200.125.116.65	101	0\n"\
"202.5.196.66	0	4\n"\
"158.181.40.154	5	0\n"\
"86.115.0.94	0	1\n"\
"68.108.194.244	1	0\n"\
"68.108.194.244	1	0\n"\
"68.108.194.244	1	0\n"\
"110.87.118.235	3	0\n"\
"105.158.16.153	1	0\n"\
"188.72.96.182	744	0\n"\
"14.187.132.10	2	0\n"\
"85.253.45.35	0	4\n"\
"188.166.36.54	10	0\n"\
"111.37.37.235	1	0\n"\
"111.37.37.235	1	0\n"\
"79.184.223.137	7	0\n"\
"34.214.132.226	0	9\n"\
"74.96.79.23	0	1\n"\
"188.166.41.162	35	14\n"\
"117.5.169.43	109	0\n"\
"76.221.68.186	2	0\n"\
"185.89.100.48	12	0\n"\
"74.132.249.206	3	0\n"\
"91.126.205.238	34	0\n"\
"5.62.159.143	6	0\n"\
"188.146.232.177	0	1\n"\
"188.68.3.92	193	0\n"\
"200.5.83.150	2391	0\n"\
"93.179.90.116	78	0\n"\
"94.185.80.235	87	0\n"\
"188.104.116.79	0	3\n"\
"177.232.136.107	0	1\n"\
"123.16.114.132	29	0\n"\
"178.254.168.220	2	0\n"\
"66.249.93.2	1	0\n"\
"96.30.65.207	58	0\n"\
"73.84.200.187	3	0\n"\
"70.35.215.94	0	1\n"\
"139.0.6.42	4	0\n"\
"185.46.86.132	6	0\n"\
"89.177.29.121	0	2\n"\
"118.44.17.181	1	0\n"\
"146.185.204.191	1	0\n"\
"146.185.204.191	1	0\n"\
"190.111.195.137	30	0\n"\
"146.185.206.106	5	0\n"\
"185.2.32.173	641	0\n"\
"96.31.53.251	1	0\n"\
"207.41.189.106	2	0\n"\
"36.63.28.208	28	0\n"\
"31.170.161.42	3	0\n"\
"209.107.196.159	4	0\n"\
"185.46.85.78	15	0\n"\
"183.12.241.137	1	0\n"\
"184.167.219.223	3	0\n"\
"177.34.62.115	4	0\n"\
"5.189.200.201	87	0\n"\
"47.11.5.9	0	1\n"\
"179.218.5.141	11	0\n"\
"5.62.159.25	4	0\n"\
"32.209.238.246	1	0\n"\
"32.209.238.246	1	0\n"\
"32.209.238.246	1	0\n"\
"32.209.238.246	1	0\n"\
"46.70.29.76	1	0\n"\
"104.222.164.236	2	0\n"\
"194.152.37.147	3	41\n"\
"177.80.227.215	342	0\n"\
"5.101.217.197	84	0\n"\
"47.8.5.240	2	1\n"\
"192.40.95.34	1	0\n"\
"103.244.252.242	1	0\n"\
"185.89.100.129	64	0\n"\
"178.82.94.82	0	2\n"\
"202.100.206.36	0	7\n"\
"45.249.48.124	44	0\n"\
"84.42.249.4	0	1\n"\
"62.12.93.76	4	0\n"\
"77.93.192.43	0	3\n"\
"141.101.132.50	101	0\n"\
"89.201.7.164	0	6\n"\
"5.15.220.203	3	0\n"\
"185.69.186.227	3	4\n"\
"24.193.178.168	0	3\n"\
"65.26.31.140	62	0\n"\
"83.99.166.35	1	0\n"\
"103.254.155.74	2	0\n"\
"49.34.2.43	0	1\n"\
"91.142.208.226	3	0\n"\
"193.93.192.134	736	0\n"\
"188.68.0.249	39	0\n"\
"79.110.28.78	151	0\n"\
"71.211.2.230	1	0\n"\
"188.72.127.48	110	0\n"\
"185.217.68.209	1	0\n"\
"99.242.220.241	1	3\n"\
"5.62.159.148	407	0\n"\
"1.70.44.170	4665	0\n"\
"191.23.199.126	1	0\n"\
"98.242.127.228	2	0\n"\
"59.99.48.248	1	6\n"\
"67.191.200.150	2	0\n"\
"213.6.149.66	35	0\n"\
"77.109.86.105	1	3\n"\
"123.30.177.138	44	0\n"\
"185.14.194.82	79	0\n"\
"39.46.86.85	139	0\n"\
"220.189.194.162	39	0\n"\
"5.189.200.97	86	0\n"\
"24.91.41.150	1	0\n"\
"209.197.20.206	6	0\n"\
"12.155.92.10	1	0\n"\
"12.155.92.10	1	0\n"\
"205.186.180.34	3	0\n"\
"46.161.60.35	716	0\n"\
"73.115.6.159	1	0\n"\
"222.82.198.61	2	7\n"\
"213.200.15.167	0	1\n"\
"5.101.220.79	98	0\n"\
"98.122.86.197	319	0\n"\
"14.231.215.204	25	0\n"\
"76.94.77.14	1	0\n"\
"73.58.220.10	1	0\n"\
"73.58.220.10	1	0\n"\
"73.58.220.10	1	0\n"\
"193.93.192.165	92	0\n"\
"189.122.214.227	709	0\n"\
"191.101.54.148	2	0\n"\
"84.109.80.89	0	2\n"\
"84.109.80.89	0	2\n"\
"84.109.80.89	0	2\n"\
"70.95.65.80	2	0\n"\
"70.95.65.80	2	0\n"\
"70.95.65.80	2	0\n"\
"113.182.18.30	4	0\n"\
"113.182.18.30	4	0\n"\
"144.217.161.119	117	24\n"\
"46.223.254.56	0	1\n"\
"46.223.254.56	0	1\n"\
"71.90.148.209	3	0\n"\
"156.220.69.153	1	0\n"\
"158.181.19.102	40	0\n"\
"59.84.240.60	1	0\n"\
"95.181.176.106	66	0\n"\
"189.120.152.120	6	0\n"\
"153.136.8.214	0	18\n"\
"101.21.80.126	1	0\n"\
"198.73.50.71	286	82\n"\
"68.227.43.14	3	0\n"\
"172.248.74.10	1	0\n"\
"172.248.74.10	1	0\n"\
"46.161.56.241	37	0\n"\
"66.249.93.49	3	0\n"\
"59.89.245.157	0	5\n"\
"163.172.73.168	25	0\n"\
"5.62.154.110	191	0\n"\
"61.148.243.183	1	7\n"\
"81.171.81.234	1	0\n"\
"81.171.81.234	1	0\n"\
"5.189.203.46	118	0\n"\
"197.48.60.53	1	0\n"\
"46.49.43.85	0	2\n"\
"73.115.17.146	1	0\n"\
"193.93.192.192	2	0\n"\
"193.93.192.192	2	0\n"\
"146.185.206.166	3	0\n"\
"69.245.162.12	1	0\n"\
"69.245.162.12	1	0\n"\
"69.245.162.12	1	0\n"\
"69.245.162.12	1	0\n"\
"189.33.47.50	17	0\n"\
"95.42.141.179	2	0\n"\
"95.42.141.179	2	0\n"\
"180.66.236.162	1	0\n"\
"162.13.152.211	2	0\n"\
"99.109.226.233	2	0\n"\
"217.78.6.205	1	2\n"\
"79.235.120.32	0	2\n"\
"187.37.143.79	530	0\n"\
"158.135.163.135	2	0\n"\
"5.101.219.197	17	0\n"\
"158.140.180.27	2	0\n"\
"142.118.105.137	1	0\n"\
"72.201.118.80	2	0\n"\
"112.215.243.201	1	0\n"\
"187.137.61.82	2	9\n"\
"179.218.101.97	19949	0\n"\
"181.215.39.116	12	0\n"\
"82.45.10.45	1	0\n"\
"205.185.209.141	1	0\n"\
"180.241.150.70	29	0\n"\
"5.101.221.20	98	0\n"\
"188.68.0.19	675	0\n"\
"47.183.128.151	2	0\n"\
"47.183.128.151	2	0\n"\
"103.252.169.182	9	0\n"\
"162.237.21.238	0	1\n"\
"103.240.127.33	0	1\n"\
"171.4.234.224	0	3\n"\
"76.118.206.235	3	0\n"\
"37.142.228.191	2	3\n"\
"67.183.105.87	1	0\n"\
"67.183.105.87	1	0\n"\
"67.183.105.87	1	0\n"\
"91.64.189.196	0	2\n"\
"93.179.90.82	74	0"